transaction_id,user_id,amount,merchant_id,location,timestamp,is_high_value,is_fraud
TXN_000469,3524,183.3969745,386,US,1665829577,0,0
TXN_000571,3660,294.5710315,844,SG,1674982355,0,0
TXN_000197,4646,272.1679987,109,IN,1637452622,0,0
TXN_000144,4134,377.3119537,663,US,1626150956,0,0
TXN_000004,2130,93.14315291,228,US,1648410263,0,0
TXN_000119,3767,73.08671517,463,UK,1624334476,0,0
TXN_000459,1658,140.5842128,546,SG,1647623905,0,0
TXN_000686,3839,14.44547828,450,UK,1615542211,0,0
TXN_000987,2433,3448.140419,561,US,1684558066,1,1
TXN_000783,1396,476.7978326,360,IN,1669577529,0,0
TXN_000101,3777,206.1472396,549,US,1699664567,0,0
TXN_000448,4348,413.0660992,111,IN,1611152153,0,0
TXN_000929,2682,120.1035767,729,US,1690438981,0,0
TXN_000162,1779,296.2577475,449,UK,1684399393,0,0
TXN_000010,1466,137.3754328,594,IN,1637829124,1,0
TXN_000694,1851,97.95368848,372,IN,1638950796,0,0
TXN_000893,1455,162.9525478,212,US,1650391426,0,0
TXN_000166,1502,286.5846858,207,UK,1669441078,0,0
TXN_000956,3488,4891.469483,227,IN,1688677962,1,1
TXN_000352,1640,114.2135843,505,IN,1681743035,0,0
TXN_000962,2204,2016.214771,784,SG,1614223887,1,1
TXN_000524,1537,338.2595576,697,UK,1699166685,0,0
TXN_000638,4147,147.8815707,490,US,1637187064,0,0
TXN_000860,2856,257.3739921,865,SG,1649358349,0,0
TXN_000362,3191,204.6858766,608,SG,1631197881,0,0
TXN_000849,3842,118.0749512,615,US,1641279354,0,0
TXN_000385,3199,402.367388,518,IN,1692164579,0,0
TXN_000310,1122,397.1414722,570,IN,1649825495,0,0
TXN_000679,3489,136.757282,958,SG,1643338836,0,0
TXN_000611,2150,402.3771467,548,SG,1691275924,0,0
TXN_000712,4627,197.9700076,221,IN,1624437007,0,0
TXN_000722,3082,60.07487365,496,IN,1691365896,0,0
TXN_000715,1011,192.1984293,730,US,1656895262,0,0
TXN_000458,1815,139.2050633,927,UK,1688762789,0,0
TXN_000728,4993,388.6831622,746,IN,1665825272,0,0
TXN_000251,4430,450.8370482,934,UK,1654326176,0,0
TXN_000720,3546,239.5843142,629,US,1681688737,0,0
TXN_000130,1492,51.41333376,892,US,1681079560,0,0
TXN_000567,4854,35.81507963,863,SG,1654633048,0,0
TXN_000574,4124,54.9326742,521,IN,1652297378,0,0
TXN_000179,2485,426.9005837,874,IN,1642397458,0,0
TXN_000812,4555,301.4405523,113,US,1637776534,0,0
TXN_000500,1569,47.20737108,200,US,1656424721,0,0
TXN_000784,1698,454.83114,614,SG,1695184672,0,0
TXN_000544,3518,284.7318251,341,SG,1689078939,0,0
TXN_000429,4104,487.5281599,881,UK,1694329098,0,0
TXN_000320,2930,70.1772831,576,SG,1671619648,0,0
TXN_000612,4464,318.5911823,186,SG,1671719010,0,0
TXN_000943,4330,265.6477229,803,IN,1634333231,0,0
TXN_000138,3568,363.0528701,569,IN,1674080002,0,0
TXN_000414,2704,439.4575972,677,UK,1696971359,0,0
TXN_000592,1268,136.9014993,109,SG,1624147347,0,0
TXN_000455,1452,362.899265,945,IN,1639835189,0,0
TXN_000804,1884,108.420954,599,SG,1692572363,0,0
TXN_000211,4242,167.1146742,763,UK,1612762750,0,0
TXN_000287,3160,248.3151662,527,UK,1689252066,0,0
TXN_000487,1190,89.38680017,289,IN,1699329605,1,0
TXN_000361,2787,161.8690939,837,US,1627995739,0,0
TXN_000300,2707,151.0855121,441,IN,1650450229,0,0
TXN_000141,3027,75.22729501,433,SG,1643757228,0,0
TXN_000992,4792,3900.235221,436,IN,1623767091,1,1
TXN_000620,3849,498.2045301,484,IN,1609017497,0,0
TXN_000902,1189,443.0177381,500,SG,1602173513,0,0
TXN_000832,3705,328.6441511,326,IN,1627413629,0,0
TXN_000807,1395,30.17991269,701,SG,1618644522,0,0
TXN_000451,3331,254.0644692,707,SG,1625433907,0,0
TXN_000713,1284,42.15681084,643,UK,1668529722,0,0
TXN_000491,3006,85.78934903,179,UK,1659828066,0,0
TXN_000158,4099,242.2452713,688,UK,1697109465,0,0
TXN_000054,4638,440.3281271,588,US,1693746866,0,0
TXN_000627,4308,431.46214,744,UK,1656933105,0,0
TXN_000397,1253,444.8556364,777,SG,1684159532,0,0
TXN_000525,2890,31.64106448,744,SG,1657079389,0,0
TXN_000590,4891,478.6436918,128,US,1610117273,0,0
TXN_000123,2076,245.7612431,506,US,1609837695,0,0
TXN_000137,4910,270.3202194,240,US,1676795463,0,0
TXN_000423,2919,417.0207082,892,US,1667873129,0,0
TXN_000337,2369,462.2505136,336,US,1617583780,0,0
TXN_000516,4464,381.9275643,867,IN,1692168436,0,0
TXN_000671,4908,440.7450253,218,US,1696680501,0,0
TXN_000685,4087,194.5807274,259,IN,1645504302,0,0
TXN_000670,2781,238.0803043,477,US,1644306168,0,0
TXN_000673,3849,411.7739895,866,US,1618804536,0,0
TXN_000120,4820,171.7487615,990,US,1614722791,0,0
TXN_000391,1586,134.4053964,343,US,1667487903,0,0
TXN_000083,1775,456.1309264,704,US,1686468894,0,0
TXN_000212,1540,301.0027178,630,SG,1699136586,0,0
TXN_000139,2367,40.54726763,886,IN,1630450573,0,0
TXN_000577,4691,368.8131855,653,SG,1662803546,0,0
TXN_000814,4222,310.3426457,517,SG,1616796693,0,0
TXN_000800,1850,414.011883,165,IN,1698808332,0,0
TXN_000292,1854,287.0990902,329,US,1644042449,0,0
TXN_000371,3301,154.0818928,440,UK,1675386847,0,0
TXN_000001,4507,203.3156813,474,UK,1682632529,0,0
TXN_000788,1395,60.3682782,323,UK,1669678979,0,0
TXN_000095,2129,112.4740876,876,US,1683624212,0,0
TXN_000594,1635,491.3419524,925,IN,1625589001,0,0
TXN_000403,3200,405.356573,769,US,1640981729,0,0
TXN_000756,4760,18.75232731,377,US,1633245660,0,0
TXN_000624,1559,376.457086,582,SG,1645787926,0,0
TXN_000618,1512,262.4714829,186,IN,1682009390,0,0
TXN_000955,1162,2279.81434,773,SG,1679622751,1,1
TXN_000203,1095,107.7583944,251,UK,1608182535,0,0
TXN_000335,2955,213.1072463,755,IN,1663107629,0,0
TXN_000967,2161,3392.200068,947,UK,1633119668,1,1
TXN_000945,1470,270.8000445,455,SG,1664994170,0,0
TXN_000792,1075,113.0712942,590,UK,1680286597,0,0
TXN_000402,1098,305.5667271,315,UK,1640739304,0,0
TXN_000022,1769,460.3965104,637,IN,1628911861,0,0
TXN_000234,2354,463.9602176,754,SG,1687588498,0,0
TXN_000636,3908,466.4788493,498,IN,1684077467,0,0
TXN_000042,4753,271.8296748,803,US,1696396874,1,0
TXN_000813,4636,312.1362451,732,UK,1617393153,0,0
TXN_000744,4491,108.1759803,640,SG,1611918529,0,0
TXN_000237,3038,392.9420961,259,IN,1603641771,0,0
TXN_000472,3565,54.26511068,877,SG,1640801245,0,0
TXN_000650,3141,262.87872,237,US,1684572348,0,0
TXN_000379,4170,173.8377775,506,UK,1672412984,0,0
TXN_000359,2634,100.386807,649,UK,1604532688,0,0
TXN_000555,4769,264.8823738,494,IN,1616411413,0,0
TXN_000349,3598,392.4428967,385,UK,1626227228,0,0
TXN_000060,4890,243.3432414,743,UK,1664505778,0,0
TXN_000700,2568,91.5250176,945,UK,1623737188,0,0
TXN_000837,1953,374.6967421,921,SG,1692556384,0,0
TXN_000249,2768,231.4548146,696,SG,1647423958,0,0
TXN_000896,2384,14.42489802,862,UK,1661373784,0,0
TXN_000350,3385,146.0177146,248,SG,1611368856,0,0
TXN_000090,4459,386.7696932,201,SG,1616994986,0,0
TXN_000132,2180,493.265928,814,US,1665065901,0,0
TXN_000159,3182,184.0011086,743,US,1645545655,0,0
TXN_000475,2768,420.1687054,481,US,1654045191,0,0
TXN_000417,3848,456.2057617,565,IN,1656285723,0,0
TXN_000128,3235,11.27156195,223,IN,1685272769,0,0
TXN_000217,2722,108.8479265,956,SG,1606612208,0,0
TXN_000639,1153,133.798056,598,SG,1688494554,0,0
TXN_000331,2794,110.7341061,756,SG,1675559979,0,0
TXN_000056,3879,32.97926922,709,SG,1651493837,0,0
TXN_000118,4796,448.1664588,597,IN,1676666404,0,0
TXN_000334,4002,65.99097703,614,SG,1602338377,0,0
TXN_000149,2698,61.3858916,255,UK,1661684647,0,0
TXN_000780,2903,363.7249377,683,US,1603956778,0,0
TXN_000569,4050,28.42241887,843,SG,1654972742,0,0
TXN_000016,4171,142.7692448,218,UK,1613763700,0,0
TXN_000953,2182,2183.021429,757,IN,1655901099,1,1
TXN_000655,2227,433.6015114,436,IN,1652775939,0,0
TXN_000824,4294,302.7631727,200,SG,1656503286,0,0
TXN_000980,4159,3782.425588,222,SG,1668687322,1,1
TXN_000843,2197,330.0988794,287,SG,1651989536,0,0
TXN_000364,1623,401.8931908,903,SG,1602363162,0,0
TXN_000233,2981,195.8220066,904,SG,1621173866,0,0
TXN_000241,3237,414.3150116,176,US,1672465294,0,0
TXN_000204,2923,370.76112,819,US,1691952593,0,0
TXN_000970,3363,3983.422035,828,UK,1669824412,1,1
TXN_000717,4373,133.7292873,596,IN,1693719753,1,0
TXN_000950,2170,4374.390623,721,SG,1605219574,1,1
TXN_000378,4304,60.46092487,801,SG,1618664179,0,0
TXN_000802,2390,167.8264041,112,US,1692157410,0,0
TXN_000301,3777,311.3256289,937,IN,1622148023,0,0
TXN_000193,4625,250.4669018,319,UK,1668304749,0,0
TXN_000580,2219,155.5314095,204,UK,1604300915,0,0
TXN_000742,1412,364.9671096,565,IN,1648591742,0,0
TXN_000372,4723,359.8890079,869,UK,1684178655,0,0
TXN_000989,1305,4018.5414,817,UK,1674954636,1,1
TXN_000261,1683,275.9961622,630,IN,1643531276,0,0
TXN_000752,3504,54.6706003,506,UK,1628869116,0,0
TXN_000607,4545,198.2043996,272,IN,1682129604,0,0
TXN_000239,2496,377.7459431,749,SG,1632995939,0,0
TXN_000353,2802,262.4351044,555,US,1697270617,0,0
TXN_000148,1391,204.6102779,850,SG,1678665231,0,0
TXN_000710,4913,327.3110853,212,US,1648193845,0,0
TXN_000238,4419,415.6910347,622,UK,1639982531,0,0
TXN_000201,1563,484.3170926,781,UK,1676776652,0,0
TXN_000957,2876,2405.240439,413,US,1673971622,1,1
TXN_000048,1189,195.1467691,787,SG,1651562394,0,0
TXN_000641,4506,350.9000035,662,US,1660094329,0,0
TXN_000652,1957,289.9462815,722,US,1626276833,0,0
TXN_000039,1474,16.69926277,460,UK,1601416953,0,0
TXN_000345,1488,293.0396575,347,IN,1676204645,1,0
TXN_000726,1775,156.2034712,459,IN,1647984649,0,0
TXN_000982,1906,2379.159267,798,UK,1643563219,1,1
TXN_000681,3816,51.20812999,869,US,1650107906,0,0
TXN_000667,3070,102.7185545,716,SG,1666772797,0,0
TXN_000549,2823,208.1978703,272,UK,1639384827,0,0
TXN_000276,2291,110.2268507,747,UK,1647494032,0,0
TXN_000388,2696,434.8269424,441,IN,1618275555,0,0
TXN_000723,3774,428.5627895,760,UK,1680946128,0,0
TXN_000299,2076,217.5624626,358,IN,1615168970,0,0
TXN_000847,2416,49.94797988,218,UK,1691443925,0,0
TXN_000798,4455,442.4414081,330,SG,1658043727,0,0
TXN_000242,4296,101.3384435,608,UK,1623552818,0,0
TXN_000285,4152,256.1212903,741,IN,1691838097,0,0
TXN_000511,1154,265.437327,162,SG,1648494716,0,0
TXN_000664,4325,465.7442717,481,SG,1672258398,0,0
TXN_000446,3074,348.6987102,679,UK,1686850024,0,0
TXN_000983,1886,2083.531723,551,SG,1656313452,1,1
TXN_000572,4040,143.1266158,832,US,1618317940,0,0
TXN_000703,4498,242.0512053,889,US,1692078002,1,0
TXN_000776,2296,237.6533124,235,UK,1667404927,0,0
TXN_000520,4110,452.6482682,191,US,1676423687,0,0
TXN_000281,4184,272.8758622,807,IN,1694790655,0,0
TXN_000774,1872,492.3321896,328,IN,1621284383,0,0
TXN_000623,2141,315.2393176,507,SG,1656299981,1,0
TXN_000321,4582,125.593957,386,US,1665347939,1,0
TXN_000279,4457,379.771293,169,IN,1643465574,0,0
TXN_000061,1646,417.3720301,713,IN,1635935918,0,0
TXN_000610,3838,414.8407909,515,US,1675543474,1,0
TXN_000856,3386,424.6601931,797,UK,1665408693,0,0
TXN_000398,4298,282.7935765,693,IN,1698806997,0,0
TXN_000247,3675,298.2702711,902,IN,1681132210,0,0
TXN_000589,3983,70.97440308,659,IN,1617579065,0,0
TXN_000551,2982,403.9487199,263,UK,1618434369,0,0
TXN_000771,3326,169.7034773,466,US,1659057625,0,0
TXN_000031,2184,194.6020953,900,UK,1649873778,0,0
TXN_000936,2549,245.14957,646,SG,1639658560,0,0
TXN_000662,2635,173.6643506,660,US,1681510678,0,0
TXN_000294,4296,303.5243887,661,US,1641574796,0,0
TXN_000535,1684,216.6637033,760,IN,1649207388,0,0
TXN_000124,1791,347.0145114,718,US,1669217406,0,0
TXN_000496,3065,212.2688398,871,US,1630235640,0,0
TXN_000826,2156,245.6428774,231,SG,1652212945,0,0
TXN_000399,4183,363.1984172,528,SG,1693053571,0,0
TXN_000280,4458,60.42885506,524,US,1601722907,0,0
TXN_000227,1795,426.8564554,325,UK,1695150968,0,0
TXN_000899,3434,204.3632904,217,US,1624483329,0,0
TXN_000192,2881,487.7829098,825,IN,1699564557,0,0
TXN_000871,4323,149.088719,310,IN,1649309063,0,0
TXN_000017,3919,75.26071136,317,SG,1623066465,0,0
TXN_000096,4843,294.0284679,102,SG,1664276431,0,0
TXN_000109,1815,304.9483438,403,IN,1657421126,0,0
TXN_000355,2969,234.9046041,899,SG,1652866880,0,0
TXN_000754,3239,232.309881,143,US,1603668280,0,0
TXN_000393,2443,257.6988608,111,US,1608368352,0,0
TXN_000161,2863,244.9952299,444,SG,1658558971,0,0
TXN_000289,1641,388.2221705,259,SG,1690645371,0,0
TXN_000917,3220,393.0772616,499,UK,1695043393,0,0
TXN_000750,4465,88.03041176,706,IN,1600537977,0,0
TXN_000085,3253,266.5651152,516,US,1682102991,0,0
TXN_000865,4398,203.8024332,258,UK,1632740087,0,0
TXN_000106,1995,438.4156264,764,IN,1656483185,1,0
TXN_000460,4587,368.7704434,489,UK,1699399694,0,0
TXN_000940,2396,486.8178966,931,UK,1631079502,0,0
TXN_000737,1825,482.6150314,444,IN,1659504448,0,0
TXN_000169,2751,450.8272246,258,SG,1689152742,0,0
TXN_000727,3652,421.5741107,337,IN,1656339157,0,0
TXN_000200,4312,110.4880045,736,IN,1686629054,0,0
TXN_000384,1403,268.0234487,361,SG,1629022580,0,0
TXN_000315,4908,43.77155429,911,US,1625090373,0,0
TXN_000905,2531,229.9010112,759,US,1642465194,0,0
TXN_000050,3734,110.472211,684,SG,1653621439,0,0
TXN_000766,1036,131.2945782,122,UK,1635677259,0,0
TXN_000608,1116,27.99864934,566,UK,1601760511,0,0
TXN_000631,2212,243.5716459,925,SG,1662039407,0,0
TXN_000253,2479,274.4927203,473,SG,1602141912,0,0
TXN_000789,3492,289.7432059,931,UK,1674607930,0,0
TXN_000707,4648,495.1727026,387,SG,1618246135,0,0
TXN_000230,4627,467.1396529,760,SG,1634971274,0,0
TXN_000080,2478,365.934546,810,US,1611953070,0,0
TXN_000675,4294,455.2636415,877,US,1656093351,0,0
TXN_000131,4112,302.6662603,903,IN,1618895649,0,0
TXN_000680,2631,104.6351036,587,IN,1697463612,0,0
TXN_000733,1114,25.33813374,355,UK,1630749806,0,0
TXN_000127,1763,194.870123,216,IN,1653834274,0,0
TXN_000757,2122,400.4309357,782,UK,1673746504,0,0
TXN_000745,1728,435.3801786,312,IN,1641701479,0,0
TXN_000561,3617,10.11638655,893,US,1632791816,0,0
TXN_000582,1876,360.6211245,116,US,1606760403,0,0
TXN_000474,4963,43.44235562,741,IN,1634538588,0,0
TXN_000093,4461,314.1947854,721,UK,1632401727,0,0
TXN_000648,4118,40.14334286,619,UK,1661189402,0,0
TXN_000430,3735,392.0817996,932,IN,1655419340,0,0
TXN_000313,1293,387.9108676,363,SG,1678797826,0,0
TXN_000616,2081,267.2654354,299,IN,1680807020,0,0
TXN_000037,3904,28.04271514,403,SG,1699562053,0,0
TXN_000509,4009,397.1066438,330,SG,1657434908,0,0
TXN_000408,1337,168.7551299,106,IN,1684648451,0,0
TXN_000830,1234,365.1650143,119,UK,1675628656,0,0
TXN_000773,3914,222.290907,227,UK,1628658787,0,0
TXN_000782,2365,380.9590411,975,IN,1669996621,0,0
TXN_000635,3837,171.235169,535,IN,1606698541,0,0
TXN_000370,2327,297.8522661,460,SG,1666927749,0,0
TXN_000325,4272,172.7517422,717,IN,1645598220,0,0
TXN_000948,2353,80.3357574,359,US,1658581601,0,0
TXN_000964,2857,3134.302309,121,UK,1686820397,1,1
TXN_000791,4986,246.354627,965,SG,1619877714,0,0
TXN_000461,1546,132.8580237,771,US,1645173471,0,0
TXN_000772,3264,299.2293301,380,IN,1629142798,0,0
TXN_000046,1975,365.7992136,780,US,1615993238,0,0
TXN_000833,1750,244.846675,253,UK,1667354164,0,0
TXN_000547,4425,269.829915,792,IN,1663594452,0,0
TXN_000263,2998,173.0797351,317,IN,1619759626,0,0
TXN_000595,2129,443.2574993,331,UK,1609031370,0,0
TXN_000840,4324,31.39421228,301,IN,1650486340,0,0
TXN_000993,4296,4416.577741,698,IN,1665534828,1,1
TXN_000767,4851,283.6222096,512,SG,1663588207,0,0
TXN_000026,3853,90.76878796,980,IN,1655665616,0,0
TXN_000416,2603,354.9336062,229,UK,1684143434,1,0
TXN_000986,4398,4526.046985,854,US,1698121382,1,1
TXN_000568,2077,53.3862712,693,SG,1647278684,0,0
TXN_000735,4974,455.6670104,761,UK,1638677396,0,0
TXN_000436,2045,247.5413999,535,SG,1676531658,0,0
TXN_000306,1835,365.7868372,713,US,1660138668,0,0
TXN_000023,3391,50.54672582,747,SG,1624276628,0,0
TXN_000484,1699,247.0399215,248,UK,1672405854,0,0
TXN_000816,3616,468.2488895,476,SG,1606508856,0,0
TXN_000603,2081,122.9789059,299,US,1698871649,0,0
TXN_000392,2648,106.0954188,589,UK,1674144519,0,0
TXN_000928,2250,323.6014538,353,SG,1669825071,0,0
TXN_000894,1828,205.5325136,862,US,1676591881,0,0
TXN_000996,1320,3776.050528,810,SG,1637562578,1,1
TXN_000002,1860,62.31047231,107,IN,1657222357,0,0
TXN_000341,4219,297.6634298,203,IN,1648730509,0,0
TXN_000513,2409,479.5036886,727,UK,1646433552,0,0
TXN_000226,3693,62.28263256,207,UK,1612663723,0,0
TXN_000471,4444,100.3417511,566,SG,1654331101,0,0
TXN_000825,1633,394.0779512,797,IN,1612856498,0,0
TXN_000164,4104,283.2937103,362,SG,1648383190,0,0
TXN_000062,3068,160.8108475,118,UK,1662396414,0,0
TXN_000846,3217,251.7056549,372,US,1690033640,0,0
TXN_000845,2191,275.8145315,119,IN,1691996209,0,0
TXN_000714,3444,412.5413442,321,UK,1635303414,0,0
TXN_000040,2082,46.92593957,701,IN,1697359075,0,0
TXN_000876,2205,125.538126,641,IN,1699276816,0,0
TXN_000743,4447,375.4601359,869,UK,1664451671,0,0
TXN_000229,2643,210.1739635,730,IN,1616192668,0,0
TXN_000218,4314,345.4400585,245,SG,1647799289,0,0
TXN_000533,4896,104.3735236,841,UK,1658321649,0,0
TXN_000836,4145,240.3894704,568,IN,1623216267,0,0
TXN_000976,3470,4104.149857,294,IN,1631766658,1,1
TXN_000103,1161,98.23296345,728,US,1652158173,0,0
TXN_000236,2529,33.56637554,554,SG,1697916577,0,0
TXN_000444,2799,74.81534345,636,UK,1632482872,0,0
TXN_000394,2445,301.5740001,338,US,1653242838,0,0
TXN_000795,2819,471.2063771,504,UK,1640735911,0,0
TXN_000503,3733,484.1727002,919,UK,1655961553,0,0
TXN_000199,3790,420.9054538,732,UK,1603388445,0,0
TXN_000453,1959,208.5715631,752,US,1643694538,0,0
TXN_000435,4446,99.23249802,480,SG,1676795291,0,0
TXN_000470,2069,479.7273169,616,US,1690615006,0,0
TXN_000891,2683,56.6781389,930,US,1649573446,0,0
TXN_000058,4202,20.87052359,201,US,1605730385,0,0
TXN_000406,2919,79.1301059,166,US,1621731798,0,0
TXN_000731,4069,435.346618,835,US,1650288175,0,0
TXN_000614,2012,263.9475797,107,US,1637693721,0,0
TXN_000531,2529,69.05606361,504,US,1697357395,0,0
TXN_000552,1853,273.8167303,564,IN,1663065654,0,0
TXN_000959,3462,4668.729855,249,UK,1634550325,1,1
TXN_000405,3961,472.7607655,233,SG,1619975372,0,0
TXN_000808,4096,338.4888746,413,UK,1692538313,0,0
TXN_000183,4289,422.7338773,475,SG,1658665296,0,0
TXN_000947,2035,75.03018037,701,US,1600879459,1,0
TXN_000855,2445,213.7946094,435,SG,1615512659,0,0
TXN_000175,2570,13.69183794,135,UK,1643942324,0,0
TXN_000827,4234,29.96951199,722,UK,1676321231,1,0
TXN_000077,3139,321.9557176,754,SG,1625974082,0,0
TXN_000468,3205,216.7976692,566,IN,1667042893,0,0
TXN_000165,4119,297.402363,450,IN,1698689997,0,0
TXN_000732,1417,481.9859602,302,US,1665755571,0,0
TXN_000283,4696,233.9301074,660,SG,1686756654,0,0
TXN_000114,2275,25.58429393,142,US,1692962840,0,0
TXN_000995,4039,4417.936703,416,US,1659233322,1,1
TXN_000545,2166,245.7203231,592,IN,1642635177,0,0
TXN_000151,3336,99.31910045,747,IN,1602681206,1,0
TXN_000173,2895,171.8707558,544,SG,1666469096,0,0
TXN_000336,3450,433.1238889,641,IN,1699380748,0,0
TXN_000658,3521,435.398794,867,US,1633692118,0,0
TXN_000284,3999,305.9393573,927,IN,1673991663,0,0
TXN_000900,2996,126.14365,912,US,1626678907,0,0
TXN_000916,3719,271.4208434,701,UK,1688142226,0,0
TXN_000005,2095,326.9556972,875,SG,1659322532,1,0
TXN_000035,3300,288.8499199,753,IN,1619847987,0,0
TXN_000033,4385,202.56483,246,IN,1652559151,0,0
TXN_000508,2686,481.428405,521,US,1648726898,0,0
TXN_000647,2092,495.8229142,451,UK,1605596526,0,0
TXN_000794,3502,390.1443205,109,UK,1613059040,0,0
TXN_000172,3731,254.1413719,340,SG,1676151696,0,0
TXN_000463,4120,252.1941866,142,UK,1649697913,0,0
TXN_000897,2958,298.3221903,402,IN,1691961122,0,0
TXN_000521,2500,326.8658104,625,SG,1623284876,0,0
TXN_000082,3556,230.9461192,927,IN,1608570556,0,0
TXN_000079,4003,54.59102462,175,IN,1644807180,0,0
TXN_000914,4627,306.7136972,970,UK,1635637395,0,0
TXN_000209,3796,257.9909386,679,US,1648439031,0,0
TXN_000071,3041,323.2870649,740,SG,1665276240,0,0
TXN_000433,4954,492.829983,921,US,1656546286,0,0
TXN_000644,3744,481.4397666,360,SG,1629723044,0,0
TXN_000476,2060,224.2247642,878,SG,1693138347,0,0
TXN_000873,2810,198.0851044,763,US,1654187581,0,0
TXN_000991,3654,3477.797016,495,UK,1614136405,1,1
TXN_000538,4847,36.89248118,925,US,1698388388,0,0
TXN_000922,3933,274.5538614,237,UK,1603835598,0,0
TXN_000099,1702,235.4583879,427,US,1689796264,0,0
TXN_000887,1753,208.4601915,212,IN,1672759216,0,0
TXN_000269,4304,373.3158465,135,UK,1681467080,0,0
TXN_000660,3388,87.09692325,428,IN,1605250295,0,0
TXN_000534,1035,66.48819041,690,US,1692886869,0,0
TXN_000875,3923,419.6390513,175,US,1635881161,0,0
TXN_000548,1833,226.1057593,437,UK,1614284503,0,0
TXN_000949,3783,470.511698,737,UK,1682630636,1,0
TXN_000360,1262,156.8019968,599,UK,1691465831,0,0
TXN_000215,2183,278.8155278,266,SG,1638647224,1,0
TXN_000383,2154,449.7409008,410,UK,1679673898,0,0
TXN_000734,1616,368.3223328,697,SG,1621223034,0,0
TXN_000317,4681,61.08101337,647,IN,1689973675,0,0
TXN_000979,4178,2550.357203,976,SG,1644526276,1,1
TXN_000381,3863,379.0906482,295,SG,1605813775,0,0
TXN_000654,1452,276.4516649,319,UK,1638021655,0,0
TXN_000584,3931,145.8601664,492,UK,1663687770,0,0
TXN_000324,1608,420.3704866,307,IN,1650495722,0,0
TXN_000191,2038,12.59700313,376,SG,1651929747,0,0
TXN_000564,2715,466.9690556,645,SG,1657041562,0,0
TXN_000615,2664,302.6642955,944,US,1605351826,0,0
TXN_000835,4080,171.2185445,841,US,1639550234,0,0
TXN_000081,4499,278.2486904,242,US,1606839789,0,0
TXN_000457,4900,78.60908394,757,US,1687763889,0,0
TXN_000839,3960,222.4911136,504,SG,1612818331,0,0
TXN_000689,3305,148.8380447,991,UK,1629193726,0,0
TXN_000514,1784,381.6122828,802,SG,1697219178,0,0
TXN_000374,4108,271.8833867,548,US,1699393568,0,0
TXN_000105,2981,211.713995,253,UK,1693613218,0,0
TXN_000730,2625,74.35421194,335,IN,1633517379,0,0
TXN_000951,1489,3807.409492,945,US,1648521856,1,1
TXN_000699,3427,474.1759652,926,US,1654954685,0,0
TXN_000473,3146,387.7831035,444,US,1686808069,0,0
TXN_000559,3197,236.3519968,282,IN,1626560140,0,0
TXN_000445,4354,451.2804276,178,IN,1665030702,0,0
TXN_000793,1264,179.5481181,572,US,1665198968,0,0
TXN_000182,2028,37.27020978,271,US,1601472542,0,0
TXN_000586,1046,32.09933184,228,IN,1601636675,0,0
TXN_000718,4969,10.50444512,879,UK,1688782879,0,0
TXN_000510,4710,348.3745139,789,IN,1607081530,0,0
TXN_000088,2585,235.0799359,596,IN,1698816021,0,0
TXN_000222,3729,67.18107143,680,US,1689020624,0,0
TXN_000895,1894,430.4132644,575,UK,1672112225,0,0
TXN_000867,2324,302.884547,159,UK,1654777623,0,0
TXN_000205,2757,269.6216114,148,UK,1610196894,0,0
TXN_000156,4065,124.2760417,757,SG,1686743361,0,0
TXN_000150,1418,371.328551,390,SG,1682384528,0,0
TXN_000340,1146,460.0428152,726,SG,1693986640,0,0
TXN_000944,3703,177.9002092,360,UK,1628699540,0,0
TXN_000625,4672,27.08392851,763,US,1632580457,0,0
TXN_000102,2579,351.8571111,553,IN,1685676088,0,0
TXN_000278,4878,252.0509287,990,US,1682892079,0,0
TXN_000059,4556,254.1009415,593,UK,1625580123,0,0
TXN_000311,1400,21.28107635,897,IN,1603110691,0,0
TXN_000775,2821,83.29451491,210,SG,1652558687,0,0
TXN_000129,1379,435.4675424,498,IN,1645759166,0,0
TXN_000198,1863,243.5435472,477,SG,1691272213,0,0
TXN_000483,4170,76.15062594,198,US,1643099658,0,0
TXN_000072,3824,404.4718871,443,UK,1613824880,0,0
TXN_000073,4417,452.5440188,921,US,1673808608,0,0
TXN_000932,4473,60.62138899,976,UK,1616828923,0,0
TXN_000999,3665,3088.260801,626,SG,1685044423,1,1
TXN_000656,3959,369.6158603,322,UK,1667256609,0,0
TXN_000954,1383,2863.493897,827,UK,1612433238,1,1
TXN_000903,1504,226.5919432,297,IN,1609787557,0,0
TXN_000396,4923,289.0273237,141,IN,1688028615,0,0
TXN_000297,2661,177.836886,480,SG,1603881857,0,0
TXN_000485,1992,142.256499,428,US,1699759771,0,0
TXN_000952,3525,3534.915748,968,US,1610387155,1,1
TXN_000768,4440,120.5146698,129,US,1641191606,0,0
TXN_000666,1356,352.5054616,689,SG,1666359476,0,0
TXN_000255,1648,292.9682727,266,SG,1684171702,0,0
TXN_000921,1079,283.4887223,672,US,1669974933,0,0
TXN_000688,2782,72.93987187,387,US,1655726066,0,0
TXN_000769,4766,88.80447985,906,IN,1677566143,0,0
TXN_000007,4092,122.4034254,451,SG,1686490964,0,0
TXN_000104,1201,351.2857185,320,SG,1638067502,0,0
TXN_000094,3613,180.23257,941,US,1677934717,0,0
TXN_000844,2676,172.8341664,156,SG,1619363133,0,0
TXN_000716,2630,411.2049652,138,UK,1616448425,0,0
TXN_000492,2184,315.4329499,499,SG,1601821367,0,0
TXN_000740,2516,162.8564753,896,IN,1668028978,0,0
TXN_000823,3445,280.9707118,310,IN,1687318287,0,0
TXN_000012,1330,25.83481604,274,SG,1650571427,0,0
TXN_000892,3523,329.5403903,727,US,1661316090,0,0
TXN_000257,4748,201.826234,558,SG,1660627118,0,0
TXN_000706,4906,427.683183,271,SG,1607466511,0,0
TXN_000886,1652,57.72276235,282,UK,1670775208,0,0
TXN_000890,2081,334.6844267,245,SG,1697119435,0,0
TXN_000275,1563,80.13271292,172,US,1672739625,0,0
TXN_000260,2257,122.2224416,401,SG,1602195690,0,0
TXN_000246,3680,164.9363253,419,SG,1609955951,0,0
TXN_000068,3363,245.2225238,950,SG,1643860083,0,0
TXN_000307,4510,300.5518236,308,US,1620137708,0,0
TXN_000834,3635,311.7135908,904,US,1616869252,0,0
TXN_000098,2500,273.2590742,893,US,1699588289,0,0
TXN_000142,3695,346.7110976,992,SG,1644050399,0,0
TXN_000271,2136,498.8693818,840,UK,1628589907,0,0
TXN_000208,3278,52.772188,392,UK,1637917521,1,0
TXN_000387,4191,421.4965411,242,UK,1623383686,0,0
TXN_000153,2796,421.9478931,205,UK,1684123279,0,0
TXN_000645,4356,63.63974143,872,US,1696647040,1,0
TXN_000560,3361,495.2672435,728,SG,1601901740,0,0
TXN_000687,1335,411.152916,387,IN,1623809061,0,0
TXN_000542,1971,328.5820017,112,UK,1608527835,0,0
TXN_000190,1206,459.5238504,217,US,1639839283,0,0
TXN_000003,2294,174.4734318,440,UK,1629538040,0,0
TXN_000683,2348,284.323713,880,US,1606330034,0,0
TXN_000478,4420,363.5511019,352,SG,1680440554,0,0
TXN_000328,4397,307.868253,732,SG,1603287093,0,0
TXN_000863,2680,298.1486053,769,IN,1604036405,0,0
TXN_000879,1713,304.909138,967,IN,1671015993,0,0
TXN_000570,3491,245.0928502,326,IN,1644855106,0,0
TXN_000704,2636,38.38102567,513,UK,1601531064,0,0
TXN_000763,3710,10.60359923,802,UK,1654920706,0,0
TXN_000880,2881,319.9448613,803,US,1683981636,0,0
TXN_000504,4863,12.57437109,320,UK,1653377177,1,0
TXN_000029,1955,245.3813401,444,UK,1628098059,0,0
TXN_000009,3169,186.5690967,616,US,1635259675,0,0
TXN_000874,3492,238.2482754,208,UK,1680320156,0,0
TXN_000286,1698,274.5317122,616,UK,1640476415,0,0
TXN_000818,3156,316.3992835,686,US,1636041543,0,0
TXN_000821,2209,247.3552393,169,UK,1639711170,0,0
TXN_000047,2806,380.969789,188,SG,1649566094,0,0
TXN_000069,3061,216.0625315,464,SG,1613605804,0,0
TXN_000020,2685,214.1531383,213,SG,1609176748,0,0
TXN_000044,4547,457.4512186,684,SG,1600909245,0,0
TXN_000526,2841,298.2492409,609,US,1667066688,0,0
TXN_000401,2496,494.4771032,257,US,1697218460,0,0
TXN_000585,4421,456.06616,524,IN,1640174673,0,0
TXN_000642,1996,33.90395502,590,US,1614106894,0,0
TXN_000977,1244,2340.322451,762,IN,1684850875,1,1
TXN_000498,2758,303.1601686,651,IN,1640981642,0,0
TXN_000181,4840,404.8737945,484,US,1641280792,0,0
TXN_000659,3479,130.1899108,459,UK,1660787892,0,0
TXN_000220,2819,78.02413899,538,SG,1667009689,0,0
TXN_000668,2785,442.0021951,268,SG,1603314344,0,0
TXN_000481,1180,204.3581928,556,IN,1653440239,0,0
TXN_000882,1038,261.1814506,531,IN,1682184132,0,0
TXN_000602,4675,420.5346103,825,US,1699548437,0,0
TXN_000831,4914,300.7065377,635,UK,1685021707,0,0
TXN_000838,3539,437.1980617,970,US,1659910712,1,0
TXN_000152,1378,286.3428951,243,SG,1656975081,0,0
TXN_000676,4977,10.54885463,248,US,1631676806,0,0
TXN_000619,4822,250.681307,142,US,1638467910,0,0
TXN_000343,2734,457.2472368,616,UK,1600737954,0,0
TXN_000240,4302,401.7731942,689,UK,1604079441,0,0
TXN_000145,2162,24.93135484,593,UK,1675656764,0,0
TXN_000530,3875,163.2988797,830,US,1627701434,0,0
TXN_000573,3311,205.1608181,535,UK,1605875293,0,0
TXN_000828,2238,90.35974568,480,UK,1628196679,1,0
TXN_000738,4572,382.4460984,633,UK,1690150078,0,0
TXN_000695,2687,379.3124287,501,IN,1670348118,0,0
TXN_000925,3811,70.25569618,718,US,1656635464,0,0
TXN_000640,2679,12.49024851,639,US,1627949891,0,0
TXN_000330,4420,374.6823294,111,IN,1653926452,0,0
TXN_000724,3896,268.2418071,737,UK,1663229578,0,0
TXN_000296,4474,479.9466493,911,US,1628338206,0,0
TXN_000913,3105,195.8857091,174,US,1668894682,0,0
TXN_000057,2528,141.6495162,480,IN,1679367898,0,0
TXN_000632,1703,31.74456513,465,IN,1681882258,0,0
TXN_000027,3433,211.5150071,687,IN,1608978989,0,0
TXN_000400,3557,404.604334,902,SG,1613721794,0,0
TXN_000787,2635,81.50181628,582,SG,1616167670,0,0
TXN_000578,1004,11.6397174,496,IN,1657428685,0,0
TXN_000601,2810,206.7743158,875,US,1681483152,0,0
TXN_000111,1455,412.6774121,399,US,1661483654,0,0
TXN_000295,3432,415.1314256,166,SG,1641006179,0,0
TXN_000796,1717,45.48397335,995,SG,1687697746,1,0
TXN_000532,3950,368.201599,345,SG,1611103831,0,0
TXN_000108,4934,486.8240711,232,UK,1668587632,0,0
TXN_000244,2400,320.5416962,353,IN,1615861936,0,0
TXN_000563,3352,198.1423061,807,UK,1691639030,1,0
TXN_000346,3976,91.10152554,463,IN,1605934261,0,0
TXN_000698,4746,387.7185132,587,IN,1690369565,0,0
TXN_000637,3294,370.2542007,310,US,1647427053,0,0
TXN_000049,4005,128.1315678,880,UK,1648427722,0,0
TXN_000761,3143,100.8748486,795,IN,1641985331,0,0
TXN_000984,1340,3868.196847,760,UK,1628963091,1,1
TXN_000302,2695,456.8076803,229,US,1697552341,0,0
TXN_000087,2955,400.2711701,835,UK,1634761183,0,0
TXN_000465,1016,420.672412,229,SG,1696251453,0,0
TXN_000909,1928,298.0633418,809,US,1656193692,0,0
TXN_000224,2597,306.9899217,660,UK,1689191511,0,0
TXN_000462,2215,320.218051,960,SG,1602592316,0,0
TXN_000674,4251,122.0263291,469,SG,1618589321,0,0
TXN_000157,3088,178.0341635,101,UK,1644675521,0,0
TXN_000351,3919,117.8476349,183,SG,1644696953,0,0
TXN_000593,1369,298.3915722,341,IN,1634590323,0,0
TXN_000063,3888,410.0290103,553,UK,1647368963,0,0
TXN_000064,3214,484.3071451,581,IN,1679659372,0,0
TXN_000817,2062,474.2017267,119,US,1666277348,0,0
TXN_000583,1991,298.6631819,219,SG,1648710324,0,0
TXN_000736,4267,430.1064451,334,SG,1637649509,0,0
TXN_000213,2059,190.9229359,711,SG,1692543848,0,0
TXN_000753,3967,85.2924387,187,UK,1677055613,0,0
TXN_000235,2663,363.5823099,518,IN,1610670216,0,0
TXN_000557,4261,439.5660352,407,US,1652141506,0,0
TXN_000653,4059,334.434885,467,SG,1690721815,0,0
TXN_000418,1397,316.1330228,305,SG,1694191848,0,0
TXN_000770,2548,329.2445387,207,SG,1623698370,0,0
TXN_000829,1732,224.9175361,231,UK,1688415355,0,0
TXN_000309,4255,460.1877559,453,IN,1684758408,1,0
TXN_000342,3911,26.09486842,729,US,1631751305,0,0
TXN_000705,2291,46.6002647,824,UK,1669185062,0,0
TXN_000591,3703,401.0147679,196,US,1651492716,0,0
TXN_000167,3454,195.5985867,685,SG,1694604917,0,0
TXN_000482,1606,477.5025989,182,UK,1651079500,0,0
TXN_000126,3264,86.91906453,914,IN,1609326243,0,0
TXN_000409,4777,52.59325733,625,UK,1687144025,0,0
TXN_000036,1747,41.1207965,152,SG,1685029727,0,0
TXN_000176,1960,120.4130709,183,IN,1610390284,0,0
TXN_000125,4993,260.7119366,435,IN,1640476928,0,0
TXN_000801,4577,185.322662,211,UK,1680545599,0,0
TXN_000912,1133,186.0328665,223,IN,1625057299,0,0
TXN_000288,1001,210.3880368,638,UK,1612374888,0,0
TXN_000859,2388,386.1847052,987,US,1696383190,0,0
TXN_000075,3945,490.4267353,700,IN,1692910407,0,0
TXN_000971,4856,3956.706059,195,UK,1667887955,1,1
TXN_000852,2540,421.8216791,614,US,1629843907,0,0
TXN_000988,4950,4332.366402,842,IN,1649388645,1,1
TXN_000968,1129,4829.185692,455,US,1624928384,1,1
TXN_000232,4869,110.4508869,531,IN,1670797888,0,0
TXN_000677,3809,282.5290502,775,IN,1669056102,0,0
TXN_000693,4546,202.1540936,882,SG,1620080580,0,0
TXN_000373,1452,268.5473878,860,IN,1651791348,0,0
TXN_000013,2482,147.0841185,901,SG,1602975605,0,0
TXN_000908,1823,230.2225793,498,US,1668120794,0,0
TXN_000308,1202,60.08420547,902,SG,1660350625,0,0
TXN_000709,2191,228.5195704,785,US,1678147796,0,0
TXN_000702,3738,357.2002823,725,IN,1618380186,0,0
TXN_000981,3176,3234.123714,499,US,1625435339,1,1
TXN_000646,2243,448.2951662,449,UK,1613580994,0,0
TXN_000113,4798,180.3334151,882,SG,1682117696,0,0
TXN_000494,4394,178.7480287,708,SG,1653230681,0,0
TXN_000587,3914,63.63912335,229,IN,1615125440,0,0
TXN_000697,3737,95.1392029,764,SG,1693118769,0,0
TXN_000369,3944,419.9167585,677,SG,1632557230,0,0
TXN_000811,2492,449.1484383,308,SG,1600125355,0,0
TXN_000910,1933,474.8058439,658,IN,1682773486,0,0
TXN_000930,2555,98.20511436,809,SG,1601749736,0,0
TXN_000147,3640,183.5318687,768,SG,1696965754,0,0
TXN_000536,1019,399.7175006,749,SG,1640004651,0,0
TXN_000933,3094,296.4886432,662,SG,1608669441,0,0
TXN_000725,1089,414.7011752,401,US,1614749151,0,0
TXN_000605,2369,68.9659934,954,UK,1626372008,0,0
TXN_000785,4090,364.899801,548,SG,1606472973,0,0
TXN_000431,1459,65.9765837,209,UK,1647050087,0,0
TXN_000708,2440,341.265606,534,SG,1653613589,0,0
TXN_000322,3799,91.10505008,402,US,1698102804,0,0
TXN_000248,1972,344.6612111,362,US,1695660432,0,0
TXN_000067,1600,299.0783896,378,UK,1666633032,0,0
TXN_000480,1301,475.1603306,562,US,1651535568,0,0
TXN_000467,2243,387.7465748,762,SG,1695197393,0,0
TXN_000960,2362,4831.78485,553,SG,1628362071,1,1
TXN_000990,1907,4172.763582,809,US,1675156920,1,1
TXN_000110,4342,119.6860423,392,UK,1609953821,0,0
TXN_000777,4952,343.4237469,461,US,1601383875,0,0
TXN_000055,2267,380.9295748,423,US,1683548084,0,0
TXN_000851,2217,109.7533574,625,IN,1627664038,0,0
TXN_000091,4073,42.45562915,366,US,1621614133,0,0
TXN_000961,2630,4297.487118,135,UK,1602670492,1,1
TXN_000318,1197,421.8154197,552,UK,1686461588,0,0
TXN_000443,3485,216.6349279,491,US,1605318331,0,0
TXN_000314,3327,193.4733312,761,SG,1613431835,0,0
TXN_000554,4736,371.5493258,799,US,1607083610,0,0
TXN_000140,2152,82.39215503,901,IN,1662451660,0,0
TXN_000189,1392,292.2392247,986,IN,1638362595,0,0
TXN_000806,4170,412.5059567,333,US,1628840826,0,0
TXN_000739,2649,226.7263936,959,US,1638184664,0,0
TXN_000853,3076,95.35473492,827,IN,1657121056,0,0
TXN_000861,2365,276.2172564,635,IN,1651899794,0,0
TXN_000170,1804,307.7020589,682,IN,1633015348,0,0
TXN_000419,2300,174.57427,887,IN,1675081232,0,0
TXN_000367,1880,316.2382337,213,UK,1659635369,0,0
TXN_000493,4327,242.3762813,863,SG,1666657978,0,0
TXN_000946,4018,71.61334079,681,UK,1695782135,0,0
TXN_000464,4583,290.9142453,353,UK,1659009476,0,0
TXN_000344,2843,131.630957,971,UK,1674948994,0,0
TXN_000011,2238,232.0880149,185,IN,1629188752,0,0
TXN_000862,1499,261.8579752,261,UK,1617260671,0,0
TXN_000965,1186,2430.18611,305,IN,1632329598,1,1
TXN_000889,4709,293.9133007,580,IN,1684629168,0,0
TXN_000207,4478,386.2119557,958,UK,1630031137,0,0
TXN_000490,3975,478.0657932,362,SG,1649558083,0,0
TXN_000265,4445,349.9216276,653,UK,1685290435,0,0
TXN_000000,4174,38.3533099,991,UK,1622826747,0,0
TXN_000427,1400,431.9233298,263,UK,1611368954,0,0
TXN_000112,4533,179.0904876,839,US,1655456322,0,0
TXN_000407,1877,209.1322311,947,UK,1666109355,0,0
TXN_000424,2415,179.144151,352,SG,1690516920,0,0
TXN_000225,4060,399.2018305,582,US,1616406440,0,0
TXN_000613,2931,115.9987713,200,US,1659435595,0,0
TXN_000014,3135,211.4912932,292,SG,1638653586,0,0
TXN_000326,2147,162.6076894,545,UK,1646426160,0,0
TXN_000696,2931,396.5154211,282,IN,1668208441,0,0
TXN_000969,3241,2971.458725,539,US,1687126721,1,1
TXN_000008,2638,140.3095832,457,IN,1698716167,0,0
TXN_000904,2214,172.1357879,359,SG,1681354905,0,0
TXN_000194,3939,364.2190873,125,SG,1643099123,0,0
TXN_000332,1659,396.0170455,499,US,1626271534,0,0
TXN_000015,4444,305.3631222,410,US,1631664126,0,0
TXN_000135,1064,125.6971012,423,IN,1615074661,0,0
TXN_000556,1574,219.1403578,802,SG,1696430692,0,0
TXN_000450,4680,409.3766699,227,US,1633679364,0,0
TXN_000596,2693,304.3912388,888,SG,1607611432,0,0
TXN_000690,1496,19.02958218,325,UK,1667154339,0,0
TXN_000174,3773,467.5089936,397,US,1602250397,0,0
TXN_000339,2534,245.6101193,447,UK,1683011541,0,0
TXN_000121,1337,167.5755547,526,UK,1681272708,0,0
TXN_000842,2542,20.22195825,871,SG,1610779706,0,0
TXN_000066,3435,397.9907413,496,SG,1655725103,0,0
TXN_000146,2522,434.9353407,638,IN,1630885970,0,0
TXN_000348,2663,162.6218539,732,US,1642622487,0,0
TXN_000588,3870,201.8987689,671,US,1692981361,0,0
TXN_000293,2759,360.9277466,811,UK,1689418468,0,0
TXN_000622,4709,237.0565666,534,UK,1656684948,0,0
TXN_000395,1103,176.2429105,660,US,1642495479,0,0
TXN_000517,4882,364.8106313,582,US,1666128719,0,0
TXN_000034,1021,416.2904681,386,SG,1662953195,0,0
TXN_000028,2215,391.025119,939,SG,1613792249,0,0
TXN_000898,4072,303.3698502,924,SG,1679601871,0,0
TXN_000338,2986,238.1930599,378,US,1620696165,0,0
TXN_000386,3101,489.6764035,505,US,1673581516,0,0
TXN_000122,1878,55.22238725,120,IN,1640487099,0,0
TXN_000250,2282,359.7534029,757,US,1609144220,0,0
TXN_000868,2155,398.5484864,916,IN,1616202558,0,0
TXN_000958,2212,2455.32623,431,US,1679826926,1,1
TXN_000924,1202,493.4795604,870,US,1684938505,0,0
TXN_000052,1562,144.6185805,688,IN,1663475441,0,0
TXN_000553,1050,334.2110358,596,SG,1643428295,0,0
TXN_000196,4762,362.0440627,882,US,1697532311,0,0
TXN_000452,3926,42.91594596,191,SG,1649396072,0,0
TXN_000415,1160,325.0335262,958,UK,1656832433,0,0
TXN_000661,1550,88.59605161,562,US,1637706355,0,0
TXN_000915,1684,184.798706,236,UK,1622740075,0,0
TXN_000264,4898,367.969077,201,IN,1657005840,0,0
TXN_000432,1954,287.2305438,435,SG,1600734275,0,0
TXN_000630,4343,143.7500937,331,US,1622802311,0,0
TXN_000178,3660,249.0268024,985,SG,1660404788,0,0
TXN_000963,1287,2004.038813,519,SG,1670086163,1,1
TXN_000223,3604,241.8514385,786,SG,1600814422,0,0
TXN_000411,4234,370.5932605,498,IN,1622438280,0,0
TXN_000678,4730,380.7515439,751,UK,1698564005,0,0
TXN_000143,2495,423.7759296,472,UK,1642161441,0,0
TXN_000566,1837,14.64786248,723,UK,1658674847,0,0
TXN_000084,1034,156.0001313,572,IN,1665626102,0,0
TXN_000184,1502,35.30138416,784,IN,1604473014,0,0
TXN_000502,2895,11.14630141,479,UK,1645447478,0,0
TXN_000024,2515,439.5641281,402,SG,1639770506,0,0
TXN_000425,2158,389.1789164,921,IN,1614793752,0,0
TXN_000133,3062,272.9294165,150,US,1605553535,0,0
TXN_000799,4635,50.42918188,830,SG,1681133957,0,0
TXN_000841,4301,89.21954663,137,SG,1625139317,0,0
TXN_000449,1797,269.5342225,899,UK,1695790832,0,0
TXN_000021,4380,294.7696844,244,US,1690050094,0,0
TXN_000604,2974,417.0148337,178,US,1605277420,0,0
TXN_000097,4893,177.3659731,184,SG,1631343819,0,0
TXN_000195,2484,412.2221218,620,SG,1694249012,0,0
TXN_000759,1977,456.7996571,800,US,1699258629,0,0
TXN_000579,2126,238.9822756,724,UK,1627054353,0,0
TXN_000919,1814,228.7206368,604,IN,1671433524,0,0
TXN_000377,3056,385.0245777,279,US,1619384838,0,0
TXN_000786,3224,377.0892032,203,IN,1600692924,0,0
TXN_000363,3393,219.1265636,753,US,1657464779,0,0
TXN_000185,3814,18.9388159,461,SG,1613245462,0,0
TXN_000822,3982,333.801858,923,US,1629765233,0,0
TXN_000878,1090,208.6019897,216,US,1608274437,0,0
TXN_000998,2204,2074.052472,899,US,1602361331,1,1
TXN_000870,4141,496.145325,977,IN,1649902136,0,0
TXN_000682,2015,169.9524525,473,SG,1633218943,0,0
TXN_000134,4884,462.780462,882,IN,1603678621,0,0
TXN_000258,4296,270.610165,379,UK,1645969430,0,0
TXN_000273,2520,356.420426,775,US,1640113874,0,0
TXN_000171,3146,129.7330462,411,UK,1631263040,0,0
TXN_000486,2139,274.5229617,255,UK,1612299755,0,0
TXN_000691,1895,221.7979841,622,US,1699412718,0,0
TXN_000270,4763,290.8439161,843,IN,1649885716,0,0
TXN_000116,4773,271.8675168,425,IN,1693313024,0,0
TXN_000701,1956,387.7823033,223,SG,1612084335,0,0
TXN_000911,2140,133.7386132,177,US,1659799781,0,0
TXN_000160,1200,327.9231917,189,SG,1660303470,0,0
TXN_000906,4440,338.0012967,851,US,1606913462,0,0
TXN_000758,2571,154.1423069,520,IN,1606837388,0,0
TXN_000404,2884,481.6981661,561,UK,1665829275,0,0
TXN_000881,4602,192.6958322,118,US,1643840923,0,0
TXN_000422,2527,26.7717743,636,SG,1635790315,0,0
TXN_000154,4561,53.71012107,519,IN,1640844645,0,0
TXN_000927,2699,35.33145025,961,UK,1667886431,0,0
TXN_000523,3806,35.28194526,840,US,1635004423,1,0
TXN_000228,2051,375.5275175,772,SG,1686824767,0,0
TXN_000032,1459,377.293367,100,SG,1655415449,0,0
TXN_000760,2008,484.0805192,452,US,1638208851,1,0
TXN_000815,2167,156.4295843,536,US,1670665074,0,0
TXN_000356,3198,283.0796308,260,UK,1674813558,0,0
TXN_000765,4807,307.5801596,118,US,1663218224,0,0
TXN_000606,1740,33.003225,955,SG,1655659228,0,0
TXN_000100,3449,296.5353919,915,US,1661423138,0,0
TXN_000018,4735,47.338186,526,SG,1614573834,0,0
TXN_000597,2682,452.8247439,383,UK,1632985192,0,0
TXN_000663,2312,126.9581153,903,SG,1627148868,0,0
TXN_000711,2066,301.253971,987,SG,1620462320,0,0
TXN_000043,3047,377.4562672,674,IN,1667530144,0,0
TXN_000581,1773,427.8826926,291,US,1648632668,0,0
TXN_000389,4991,209.9124027,415,UK,1614219886,0,0
TXN_000748,3808,241.0509055,382,US,1663327232,0,0
TXN_000974,1015,2637.001923,629,UK,1635261362,1,1
TXN_000598,1656,494.7006058,814,SG,1642710916,0,0
TXN_000441,4436,116.8313227,216,IN,1639747799,0,0
TXN_000382,3255,143.4279088,565,UK,1624019663,0,0
TXN_000256,1317,184.1276014,852,SG,1618740105,0,0
TXN_000252,1709,315.8097566,653,SG,1633122266,0,0
TXN_000454,2504,253.7577981,642,UK,1657182455,0,0
TXN_000254,2434,224.9848909,736,US,1670253175,0,0
TXN_000692,3207,421.6595363,621,UK,1641634984,0,0
TXN_000089,4943,422.6247934,390,US,1600953692,0,0
TXN_000529,1524,241.8729579,673,US,1600424528,0,0
TXN_000803,1143,488.9585293,492,IN,1664283282,0,0
TXN_000221,3625,11.32834071,341,US,1683650853,0,0
TXN_000267,2631,440.5282665,266,US,1627841304,0,0
TXN_000107,3317,262.4656669,111,US,1688353031,0,0
TXN_000065,2297,53.32002945,693,SG,1633214626,0,0
TXN_000202,2020,358.3667146,683,SG,1645276218,0,0
TXN_000872,4486,185.9840045,505,UK,1621485785,0,0
TXN_000669,3569,481.0444912,316,US,1600049976,0,0
TXN_000541,3701,325.8278588,164,UK,1657034340,0,0
TXN_000854,4236,480.7824702,840,SG,1671873676,0,0
TXN_000488,3300,422.3495336,593,IN,1665040040,0,0
TXN_000038,4632,75.58753821,168,IN,1691042486,0,0
TXN_000303,2733,78.16693513,826,UK,1664384099,0,0
TXN_000985,3051,4420.272691,203,US,1614912584,1,1
TXN_000528,3455,282.3452249,485,US,1644454950,0,0
TXN_000939,4584,168.334022,448,US,1679491892,0,0
TXN_000850,3681,215.0158964,320,US,1676885981,0,0
TXN_000030,3324,492.7901648,913,UK,1603683909,0,0
TXN_000186,1397,351.5111166,658,IN,1699572255,0,0
TXN_000762,2687,236.4276725,614,US,1604622580,0,0
TXN_000884,4522,43.87506523,839,US,1673248217,1,0
TXN_000354,3520,488.0152447,842,US,1691449573,0,0
TXN_000527,1920,499.6832148,282,US,1689054634,0,0
TXN_000412,4791,425.5827668,504,UK,1687655030,0,0
TXN_000507,3901,405.6408234,223,IN,1672548971,0,0
TXN_000155,3278,272.3144264,769,UK,1681501371,0,0
TXN_000657,3265,265.417553,747,UK,1603792824,0,0
TXN_000376,4062,253.5358549,934,SG,1677139897,0,0
TXN_000543,2906,188.7016522,312,SG,1685659135,0,0
TXN_000282,2636,195.6225671,880,SG,1630999906,0,0
TXN_000810,3938,70.8677837,111,SG,1689775198,0,0
TXN_000634,1580,27.35696053,750,UK,1648448102,0,0
TXN_000755,3786,269.8736529,560,UK,1688670888,0,0
TXN_000291,2589,303.2369236,875,US,1675452392,0,0
TXN_000764,4261,303.1803599,729,UK,1658711614,0,0
TXN_000519,4247,490.4826321,254,US,1631397110,0,0
TXN_000290,3267,15.97950544,248,UK,1665312198,0,0
TXN_000188,3842,449.3390289,240,UK,1670638665,0,0
TXN_000456,4067,62.22357776,631,UK,1640339104,0,0
TXN_000177,4810,189.0248416,551,SG,1641846292,0,0
TXN_000477,3327,458.6017019,789,US,1697386988,0,0
TXN_000070,1241,394.4874493,430,UK,1607085904,0,0
TXN_000858,2519,370.3216463,599,UK,1631276622,0,0
TXN_000926,2252,123.2541471,724,IN,1682162144,0,0
TXN_000729,4017,122.7263047,762,UK,1677138704,0,0
TXN_000501,2346,48.1050186,458,SG,1685235670,0,0
TXN_000972,2887,2753.240311,263,US,1611765788,1,1
TXN_000643,4157,270.9752345,541,US,1619312610,0,0
TXN_000515,4175,323.0851988,673,IN,1686783786,0,0
TXN_000187,1870,498.655212,990,US,1650894269,0,0
TXN_000747,4068,285.7476403,535,IN,1695640773,0,0
TXN_000512,3537,52.48555381,584,UK,1626635617,0,0
TXN_000672,4171,12.52113367,289,SG,1679140165,0,0
TXN_000819,4764,393.8771357,854,UK,1602009606,0,0
TXN_000966,2907,2055.158426,738,UK,1662023737,1,1
TXN_000305,3294,135.4476106,869,SG,1617278806,0,0
TXN_000931,4512,53.39223627,948,UK,1690607715,0,0
TXN_000495,1127,182.254679,359,IN,1696807357,0,0
TXN_000390,1627,280.3440717,200,UK,1683022130,1,0
TXN_000440,3277,207.2495214,752,UK,1648257587,1,0
TXN_000649,2008,442.6240719,419,UK,1670399934,0,0
TXN_000329,3511,195.8597922,154,IN,1668126345,0,0
TXN_000168,4645,175.3489486,138,IN,1638636252,0,0
TXN_000721,1753,472.7087811,248,IN,1675575549,0,0
TXN_000848,3993,207.598067,682,SG,1685711044,0,0
TXN_000277,4581,359.8914003,452,US,1670009956,0,0
TXN_000518,1245,322.2434741,618,UK,1636755905,0,0
TXN_000489,1980,424.7398462,982,US,1640483087,0,0
TXN_000934,2256,347.2218543,856,UK,1695973788,0,0
TXN_000086,4152,351.844517,404,UK,1654101105,0,0
TXN_000319,4029,456.2362371,944,SG,1650316725,0,0
TXN_000421,4987,187.899014,365,IN,1629537369,0,0
TXN_000505,1625,60.51593555,919,SG,1660945797,0,0
TXN_000243,2408,125.4889556,540,UK,1669297234,0,0
TXN_000245,2306,454.8544039,869,UK,1609937093,0,0
TXN_000575,2595,174.8215273,653,SG,1657675376,0,0
TXN_000180,3690,53.06493602,921,UK,1698000184,0,0
TXN_000558,2148,214.5779812,867,UK,1684365163,0,0
TXN_000506,4359,164.1523128,519,US,1611199747,0,0
TXN_000617,1633,137.5143503,604,US,1639944891,0,0
TXN_000357,2438,431.7096888,883,IN,1674099471,1,0
TXN_000216,4910,278.9717701,301,SG,1600578526,0,0
TXN_000621,2119,449.7437125,720,SG,1675412007,0,0
TXN_000078,2390,281.8596482,164,SG,1646467514,0,0
TXN_000684,1515,66.76348982,792,UK,1688695125,0,0
TXN_000092,2021,32.47202054,966,UK,1640523561,0,0
TXN_000499,3613,235.2439413,884,IN,1692184932,0,0
TXN_000413,1956,70.16067593,774,UK,1616920196,0,0
TXN_000749,1675,276.1840748,661,US,1630474646,0,0
TXN_000935,4376,204.7157043,525,US,1676586435,0,0
TXN_000272,2853,378.6775288,452,SG,1602464722,0,0
TXN_000994,2371,3193.652527,241,US,1626668885,1,1
TXN_000797,3782,271.7786809,401,UK,1620596928,0,0
TXN_000546,2115,443.6491947,312,SG,1640216746,0,0
TXN_000333,3811,305.8235505,747,SG,1698699316,0,0
TXN_000781,1728,331.9220902,228,IN,1649039847,0,0
TXN_000163,3977,371.0430129,558,US,1695488903,0,0
TXN_000864,1510,24.40327842,693,IN,1631579612,0,0
TXN_000466,4243,208.1469358,159,IN,1646619069,0,0
TXN_000540,1399,265.9929423,522,US,1613618723,0,0
TXN_000053,2899,111.541548,258,UK,1629920720,0,0
TXN_000537,3368,375.0816286,570,SG,1651982472,0,0
TXN_000312,1766,329.1699334,215,UK,1685244177,0,0
TXN_000366,4643,239.4335959,762,IN,1672789684,0,0
TXN_000746,4348,360.3127797,562,SG,1619262886,0,0
TXN_000539,3559,233.0204057,987,SG,1638819913,0,0
TXN_000497,2816,355.4135193,714,US,1601578315,0,0
TXN_000790,4304,19.0001421,973,SG,1604672412,0,0
TXN_000428,1639,117.5601573,194,IN,1667853612,0,0
TXN_000214,3572,232.5913064,159,IN,1621847630,0,0
TXN_000437,3797,261.1042514,998,IN,1642541546,0,0
TXN_000347,2959,26.60078852,420,UK,1671619443,0,0
TXN_000975,4373,2366.022241,393,IN,1689853600,1,1
TXN_000633,2470,427.5748313,327,IN,1600225391,0,0
TXN_000365,2016,181.1996295,580,IN,1655213557,0,0
TXN_000006,4772,200.2515082,768,US,1651831782,0,0
TXN_000304,2439,59.38935548,271,US,1692613228,0,0
TXN_000479,3544,309.0982868,155,SG,1677734507,0,0
TXN_000074,3612,312.4592189,554,IN,1677696863,0,0
TXN_000259,4890,42.64336507,799,US,1618173652,0,0
TXN_000629,1896,201.6731854,376,US,1672846444,0,0
TXN_000115,2016,278.8705015,442,US,1633957412,0,0
TXN_000565,1681,44.31455582,663,UK,1674504737,0,0
TXN_000117,3343,184.4358273,913,SG,1628044174,0,0
TXN_000380,2682,46.99664826,765,UK,1635002379,0,0
TXN_000600,1830,41.84334065,901,US,1680831680,0,0
TXN_000268,2495,252.7575769,720,SG,1672164957,0,0
TXN_000888,2243,300.5300159,282,SG,1611914970,0,0
TXN_000719,4324,87.87975881,332,US,1647550906,1,0
TXN_000599,1119,374.2428832,858,IN,1620481913,0,0
TXN_000820,2065,310.0064131,834,SG,1601559757,0,0
TXN_000045,3747,296.7232708,260,US,1650672855,0,0
TXN_000420,1815,414.3025924,867,IN,1628481082,1,0
TXN_000628,4956,234.1417279,247,US,1673788019,1,0
TXN_000562,4413,100.8817257,609,US,1698082551,0,0
TXN_000938,4486,18.51609719,680,SG,1649756120,0,0
TXN_000651,2773,454.1917225,649,UK,1634356387,0,0
TXN_000877,3214,390.2401014,413,IN,1640249665,0,0
TXN_000869,2827,330.954576,418,UK,1636426088,0,0
TXN_000978,1926,4990.727656,579,UK,1614284450,1,1
TXN_000907,4480,81.42071844,146,US,1662188838,0,0
TXN_000920,2172,433.4659271,599,SG,1664899873,0,0
TXN_000323,3191,101.297231,410,SG,1626455291,0,0
TXN_000316,3931,47.88732209,541,UK,1685180395,1,0
TXN_000358,4369,272.1841623,559,UK,1698447022,1,0
TXN_000266,4743,91.6980724,387,SG,1664598446,0,0
TXN_000262,1663,221.4487901,679,IN,1647406955,0,0
TXN_000375,2183,245.7330947,942,SG,1687087158,0,0
TXN_000942,4957,134.5700441,173,UK,1606687666,0,0
TXN_000885,1172,224.2110405,449,UK,1684538835,0,0
TXN_000051,4005,133.2067954,856,IN,1679534578,0,0
TXN_000442,1562,326.0765422,581,SG,1626762677,1,0
TXN_000327,1186,121.4238542,769,SG,1676288117,0,0
TXN_000231,2363,495.5554435,761,IN,1661051512,0,0
TXN_000866,1216,307.0324696,287,SG,1692821907,1,0
TXN_000576,4051,266.0344039,120,IN,1629486438,0,0
TXN_000219,4157,53.05537451,775,US,1607587676,0,0
TXN_000937,2166,346.1241906,401,UK,1652208793,0,0
TXN_000368,3049,195.0857142,848,SG,1686578874,0,0
TXN_000741,4146,167.1639428,880,US,1615762512,0,0
TXN_000883,4197,212.3852756,784,SG,1609944145,0,0
TXN_000941,4637,294.2549926,148,US,1676386965,0,0
TXN_000901,3395,124.9902787,260,SG,1678839575,0,0
TXN_000447,1225,344.7600897,272,UK,1610736301,0,0
TXN_000274,3489,391.5002501,998,UK,1682245259,0,0
TXN_000426,2218,187.7513684,388,UK,1600308617,1,0
TXN_000609,2853,479.0624289,680,SG,1603541815,0,0
TXN_000805,4140,349.665031,697,SG,1634262607,0,0
TXN_000522,2705,349.6558536,554,SG,1644976489,0,0
TXN_000410,3869,320.2879797,172,US,1692165223,0,0
TXN_000041,3558,348.9400546,319,US,1619471461,0,0
TXN_000665,2757,61.85870598,935,UK,1612312829,0,0
TXN_000778,3109,203.8170911,285,UK,1640179601,0,0
TXN_000973,1143,3951.275746,247,SG,1630725231,1,1
TXN_000438,2693,373.4266027,582,IN,1606194224,0,0
TXN_000206,3532,356.5427469,253,IN,1612988365,0,0
TXN_000779,1595,487.6029274,755,US,1668985200,0,0
TXN_000434,1469,240.8220718,337,US,1632775006,0,0
TXN_000550,3774,290.4896021,771,US,1692935015,0,0
TXN_000997,1558,2497.703073,657,UK,1631281095,1,1
TXN_000210,2678,466.6870277,149,UK,1619575137,0,0
TXN_000439,3085,352.434468,124,IN,1642499758,0,0
TXN_000019,1130,470.8605953,513,US,1641707317,0,0
TXN_000136,4928,382.3781504,888,SG,1621777762,0,0
TXN_000923,4284,26.75200531,149,IN,1604982042,0,0
TXN_000076,2363,307.9630463,824,SG,1636355877,0,0
TXN_000298,2153,121.4019817,157,IN,1604739400,0,0
TXN_000918,2852,355.6389411,936,IN,1674741149,0,0
TXN_000025,4485,280.2780575,843,IN,1677620710,0,0
TXN_000626,1487,448.5115062,116,IN,1659646035,0,0
TXN_000751,2892,109.8136121,562,SG,1643942054,0,0
TXN_000857,4719,318.0947609,154,UK,1663293830,0,0
TXN_000809,3995,476.2594874,665,IN,1604394643,0,0
